USE[DB_Pharmacy]

INSERT INTO 
[dbo].[PrescriptionDoctor]([NameDoctor],[SurnameDoctor], [NamePatient],[SurnamePatient],[DateBirth],[Diagnosis])
VALUES
('Василь','Жук','Артем','Гагарін','20020206','Близькорукість'),
('Павло','Козьодуб','Артем','Гагарін','20020206','Вивих запястя правої руки'),
('Микола','Комаровський','Іван','Карпов','20000907','Язва'),
('Василь','Жук','Анатолій','Кортов','19990110','Вроджена дальнорукість'),
('Сергій','Коваль','Ігор','Стопов','19990110','Коклюш'),
('Сергій','Коваль','Ігор','Харламов','19920110','Бронхіт');

INSERT INTO 
TechnologyPreparation([Ingredients],[Recipe],[ExpirationDate])
VALUES
('аа','аа','5 day'),
('ии','ии','10 day'),
('мм','мм','10 day'),
('уу','уу','1 mounth'),
('уу','уу','1 year');


INSERT INTO 
NamePharmacyDrugs([NameDrug],[Prise],[CriticalNorm], [IdTechnology])
VALUES
('Офтаміл50','220.00','5','1'),
('Левагель','17.75','10','2'),
('Синосил','50.50','5','3'),
('Коваміл','120.00','10','4'),
('Киротіл','500.00','1','5');

INSERT INTO 
PharmacyDrugs([NameDrug], [Count], [DateMade], [DateUsed])
VALUES
('Офтаміл50','220','20211112','20211128'),
('Офтаміл50','20','20211215','20211230'),
('Левагель','50','20211215','20211230'),
('Синосил','10','20211227','20211230'),
('Коваміл','70','20211230','20220130');

INSERT INTO 
NameFactoryDrugs([NameDrug],[NameCompany],[Prise],[CriticalNorm])
VALUES
('Атропін','Байер','210.00','5'),
('Аспірін','Фармасютік','15.75','5'),
('Вугілля','Байер','12.00','5'),
('Дуфалак','Файзер','57.50','5'),
('Атоксіл','ДжонсонендДжонсон','63.00','5');

INSERT INTO 
[Order]([Count],[Adress],[DateOrder],[PriseOrder])
VALUES
('10','м. Київ вул. Політехнічна буд. 23','20211110','2100.00'),
('100','м. Київ вул. Політехнічна буд. 23','20210711','1575.00'),
('50','м. Київ вул. Янгеля буд. 5','20211102','600.00'),
('62','м. Київ вул. Янгеля буд. 5','20211102','3565.00'),
('15','м. Київ вул. Янгеля буд. 10','20211002','945'),
('20','м. Київ вул. Янгеля буд. 10','20211102','1260.00');

INSERT INTO 
FactoryDrugs([NameDrug],[Count],[DateMade],[DateUsed],[IdOrder])
VALUES
('Атропін','10','20211011','20211111','1'),
('Аспірін','100','20211015','20211115','2'),
('Вугілля','50','20211020','20211120','3'),
('Дуфалак','62','20211030','20211130','4'),
('Атоксіл','15','20211030','20211230','5'),
('Атоксіл','20','20211114','20220114','6');

INSERT INTO 
DirectoryOrder([TypeDrug],[NamePharmacyDrug],[NameFactoryDrug],[Bought])
VALUES
('Factory',NULL,'Атропін','0'),
('Pharmacy','Офтаміл50',NULL,'1'),
('Factory',NULL,'Аспірін','1'),
('Factory',NULL,'Вугілля','0'),
('Pharmacy','Левагель',NULL,'0'),
('Pharmacy','Синосил',NULL,'0'),
('Factory',NULL,'Дуфалак','1'),
('Pharmacy','Синосил',NULL,'1'),
('Factory',NULL,'Атропін','1');

INSERT INTO 
ListDrugs([IdPrescription],[IdOrder])
VALUES
('1','1'),
('2','2'),
('2','3'),
('3','4'),
('3','5'),
('3','6'),
('4','7'),
('5','8'),
('6','9');

